click_id,click_location,click_type,click_object,click_date_time
f3f0dc19-6577-4052-a755-8cad213d3fe5,all_texts,text_id_selected,link,2021-11-08 18:16:44.177808
1d62902d-8e86-4bb1-8987-93a2e3848e96,similar_texts,set_table_limit,button,2021-11-08 18:16:46.330407
608f9c94-456d-4b97-aa99-e99cf71a3bf0,label,label_selected,radio_button,2021-11-08 18:16:47.833562
da10358e-4428-430d-a93d-76e437801fee,similar_texts,group_label_assigned,button,2021-11-08 18:16:49.247937
845ae0a2-be22-46ed-86ca-c5a9e8af0b1b,all_texts,text_id_selected,link,2021-11-08 18:16:51.591972
d8c8245a-69e8-42a7-abe5-95e86cabf0ad,label,label_selected,radio_button,2021-11-08 18:16:53.048520
31f5d4ab-6f6a-4d9c-ad94-2e28324bc55a,similar_texts,group_label_assigned,button,2021-11-08 18:16:57.192372
3bf057a8-86a6-41a4-80b5-efc6710e3d2e,summary,export_records,button,2021-11-08 18:16:59.404721
