click_id,click_location,click_type,click_object,click_date_time
c413b0b5-3d41-4ff4-aeb8-a459f57003b2,all_texts,text_id_selected,link,2021-11-09 13:21:58.761655
cd8d0928-6ea6-49e7-a273-0a836ceca1e4,label,label_selected,radio_button,2021-11-09 13:22:00.181674
57f1c37c-4ac3-4ae0-ad3c-859d5793cba9,similar_texts,group_label_assigned,button,2021-11-09 13:22:01.315749
f986ae62-db4e-4d62-88b2-59739aa780b3,all_texts,search_texts,button,2021-11-09 13:22:13.625402
90b48eeb-c26d-4201-b8b4-03cb92635ba7,label,label_selected,radio_button,2021-11-09 13:22:15.380207
96e9bc5c-40c0-4267-ae5f-76ecd9873339,all_texts,group_label_assigned,button,2021-11-09 13:22:16.447152
7c3da196-8e44-4d81-b4d3-f0b18b395cdd,all_texts,search_texts,button,2021-11-09 13:22:25.377408
6d35fb50-55dd-46d9-8e52-5b1d0c9497b3,all_texts,group_label_assigned,button,2021-11-09 13:22:27.622245
147f51fb-73c8-4b87-9fa9-d58abb16c6a1,all_texts,search_texts,button,2021-11-09 13:22:42.824528
b07989fc-3a5d-4899-b20e-1109cb946ed8,label,label_selected,radio_button,2021-11-09 13:22:44.353016
454078ce-b734-425e-8f2b-014475e3f341,all_texts,group_label_assigned,button,2021-11-09 13:22:45.469871
31d43e6c-6ba8-46a5-8eec-23ac17d0cf23,all_texts,search_texts,button,2021-11-09 13:22:57.608667
0e63ed0c-4c2d-4d86-8e82-8885e1762d21,label,label_selected,radio_button,2021-11-09 13:23:00.110687
465bf43f-872d-4664-b421-091588f2a7ad,all_texts,group_label_assigned,button,2021-11-09 13:23:01.581814
831da526-8264-4f62-aa6f-f52609637150,all_texts,search_texts,button,2021-11-09 13:23:09.432802
05c81660-5707-460e-b76e-b2388fc0880b,label,label_selected,radio_button,2021-11-09 13:23:13.324871
6e94b4b7-7137-4a84-9387-89760e231ca6,all_texts,group_label_assigned,button,2021-11-09 13:23:14.468494
553bb0f4-4156-4cd3-9e91-a1413f7ab643,all_texts,search_texts,button,2021-11-09 13:23:32.641771
792100c1-ef94-4f12-b0ae-a3b2d2dcd88d,label,label_selected,radio_button,2021-11-09 13:23:34.069409
e09e125b-04f3-4596-8751-e9d072ef87f3,all_texts,group_label_assigned,button,2021-11-09 13:23:35.214043
2b1bd56a-4956-4c7b-9f09-9b5f89d8411e,difficult_texts,generate_list,button,2021-11-09 13:23:39.558252
0f24a954-dd84-4992-a113-bc5fd28fe844,difficult_texts,group_label_assigned,button,2021-11-09 13:23:53.991723
986543e8-1816-4ae3-a391-a96365f52368,difficult_texts,group_label_assigned,button,2021-11-09 13:23:55.197007
54066338-b878-4fee-a2df-f455de09a6fa,difficult_texts,group_label_assigned,button,2021-11-09 13:23:56.539648
2d1c76e0-6a5e-4dad-9ee1-d5d0b6445643,summary,export_records,button,2021-11-09 13:24:13.273895
