click_id,click_location,click_type,click_object,click_date_time
9350c277-78db-4698-82c2-5bc3c6943f3c,label,label_selected,radio_button,2021-11-09 13:30:39.081147
e94c0a3d-8664-4adb-b104-1c2f5be8d1ba,all_texts,text_id_selected,link,2021-11-09 13:30:41.082526
e897a6c2-2c3a-464e-b852-b617d856c7ad,similar_texts,set_table_limit,button,2021-11-09 13:30:43.654849
0563ddea-737e-4ce8-b008-ad445743c728,similar_texts,set_table_limit,button,2021-11-09 13:30:46.988744
2799da06-c458-40c8-803d-57a55d62c711,similar_texts,group_label_assigned,button,2021-11-09 13:30:48.741940
11bbb5b6-cdba-46e3-a38e-93a0f6950ba7,all_texts,text_id_selected,link,2021-11-09 13:30:50.407264
088163b8-ecd6-4cb7-81a0-ceb1cdef549c,label,label_selected,radio_button,2021-11-09 13:30:52.108589
fd9c2162-2d74-4eb8-9788-9bc60ef40e4b,similar_texts,group_label_assigned,button,2021-11-09 13:30:55.708444
860bc90a-c478-418b-9573-954d40ca15af,all_texts,text_id_selected,link,2021-11-09 13:30:58.638595
d76defec-b8e8-4613-8bdd-733c6ac66d4d,label,label_selected,radio_button,2021-11-09 13:31:00.510781
a32633a3-47d5-44bc-8649-b386983bbc97,similar_texts,group_label_assigned,button,2021-11-09 13:31:03.141738
2fab0cc8-0bbe-48d0-9ddf-cf444561fdef,all_texts,text_id_selected,link,2021-11-09 13:31:11.085566
080f821c-d9d6-463f-ba99-e6f000fd59ca,label,label_selected,radio_button,2021-11-09 13:31:13.000460
836dfad4-9699-468c-9682-c07a3b271751,similar_texts,group_label_assigned,button,2021-11-09 13:31:16.612029
ee8d9210-8867-4af2-9e7b-f4ba3132ef69,all_texts,search_texts,button,2021-11-09 13:31:24.482144
bf474edb-f426-4b6b-8b88-f9e90e083a52,all_texts,search_texts,button,2021-11-09 13:31:27.586103
73287a2c-fa31-4024-93b0-865559356b05,label,label_selected,radio_button,2021-11-09 13:31:29.269830
435916e4-112e-4b39-9660-e4958d8f27c2,all_texts,group_label_assigned,button,2021-11-09 13:31:30.562912
2fc10d25-abfb-4f2f-b21c-154a4b5d86ee,difficult_texts,generate_list,button,2021-11-09 13:31:33.484817
f83f2187-0ea2-4c0a-9090-3507e82deb1f,summary,export_records,button,2021-11-09 13:31:53.685248
